county_name_census,population,median_household_income,civilian_labor_force,population_16_plus,unemployed_census,poverty_universe,below_poverty,population_25_plus,bachelors_degree,masters_degree,professional_degree,doctorate_degree,state_fips,county_fips,labor_force_participation_rate,unemployment_rate_census,poverty_rate,bachelors_or_higher,bachelors_or_higher_rate,county_name_bls,year,labor_force,employed,unemployed_bls,unemployment_rate_bls
"Allen County, Kansas",12483,60689,6269,9991,496,12018,1192,8477,1231,585,57,29,20,1,62.75,7.91,9.92,1902,22.44,"Allen County, KS",2024.0,6051.0,5813.0,238.0,3.9
"Anderson County, Kansas",7834,70614,3710,5983,152,7724,853,5214,426,247,46,9,20,3,62.01,4.1,11.04,728,13.96,"Anderson County, KS",2024.0,3782.0,3655.0,127.0,3.4
"Atchison County, Kansas",16208,61112,8170,13043,375,14574,1891,9846,1322,666,59,102,20,5,62.64,4.59,12.98,2149,21.83,"Atchison County, KS",2024.0,8115.0,7808.0,307.0,3.8
"Barber County, Kansas",4069,61926,2248,3237,28,3966,467,2774,597,110,39,10,20,7,69.45,1.25,11.78,756,27.25,"Barber County, KS",2024.0,2077.0,2015.0,62.0,3.0
"Barton County, Kansas",25097,58851,12424,19743,483,24591,3787,17024,2660,772,198,60,20,9,62.93,3.89,15.4,3690,21.68,"Barton County, KS",2024.0,12369.0,11942.0,427.0,3.5
"Bourbon County, Kansas",14394,59238,6916,11207,365,14037,1915,9348,1559,538,39,94,20,11,61.71,5.28,13.64,2230,23.86,"Bourbon County, KS",2024.0,6033.0,5713.0,320.0,5.3
"Brown County, Kansas",9343,62233,4578,7261,237,9104,1253,6456,881,315,34,37,20,13,63.05,5.18,13.76,1267,19.63,"Brown County, KS",2024.0,3994.0,3829.0,165.0,4.1
"Butler County, Kansas",68287,81610,33990,53559,1140,65129,5567,45517,9637,4101,488,508,20,15,63.46,3.35,8.55,14734,32.37,"Butler County, KS",2024.0,34510.0,33259.0,1251.0,3.6
"Chase County, Kansas",2561,56484,1174,2101,11,2418,202,1895,435,123,2,13,20,17,55.88,0.94,8.35,573,30.24,"Chase County, KS",2024.0,1099.0,1057.0,42.0,3.8
"Chautauqua County, Kansas",3370,56438,1493,2751,54,3312,494,2414,341,75,13,19,20,19,54.27,3.62,14.92,448,18.56,"Chautauqua County, KS",2024.0,1351.0,1295.0,56.0,4.1
"Cherokee County, Kansas",19151,57668,9245,15205,301,18905,2668,13325,1788,662,113,25,20,21,60.8,3.26,14.11,2588,19.42,"Cherokee County, KS",2024.0,9288.0,8959.0,329.0,3.5
"Cheyenne County, Kansas",2628,55429,1307,2087,32,2592,441,1917,325,73,16,8,20,23,62.63,2.45,17.01,422,22.01,"Cheyenne County, KS",2024.0,1292.0,1251.0,41.0,3.2
"Clark County, Kansas",1974,63043,969,1548,27,1904,188,1351,321,79,15,5,20,25,62.6,2.79,9.87,420,31.09,"Clark County, KS",2024.0,1047.0,1019.0,28.0,2.7
"Clay County, Kansas",8048,66176,3781,6436,38,7840,1047,5691,1022,336,69,25,20,27,58.75,1.01,13.35,1452,25.51,"Clay County, KS",2024.0,3957.0,3823.0,134.0,3.4
"Cloud County, Kansas",8898,58770,4459,7042,111,8411,837,5945,805,366,18,49,20,29,63.32,2.49,9.95,1238,20.82,"Cloud County, KS",2024.0,4564.0,4429.0,135.0,3.0
"Coffey County, Kansas",8308,70346,4007,6775,255,8175,878,5960,863,263,27,20,20,31,59.14,6.36,10.74,1173,19.68,"Coffey County, KS",2024.0,3823.0,3669.0,154.0,4.0
"Comanche County, Kansas",1729,54545,888,1421,15,1669,154,1280,200,37,11,9,20,33,62.49,1.69,9.23,257,20.08,"Comanche County, KS",2024.0,869.0,843.0,26.0,3.0
"Cowley County, Kansas",34411,57878,15815,27356,608,32118,4579,22708,3672,1536,124,237,20,35,57.81,3.84,14.26,5569,24.52,"Cowley County, KS",2024.0,15274.0,14624.0,650.0,4.3
"Crawford County, Kansas",39008,52844,20441,31387,831,37333,7695,23380,4829,2147,196,347,20,37,65.13,4.07,20.61,7519,32.16,"Crawford County, KS",2024.0,19615.0,18863.0,752.0,3.8
"Decatur County, Kansas",2726,53870,1338,2185,55,2662,339,2129,433,96,28,17,20,39,61.24,4.11,12.73,574,26.96,"Decatur County, KS",2024.0,1452.0,1408.0,44.0,3.0
"Dickinson County, Kansas",18445,68417,9106,14675,249,18112,1474,13015,2090,757,132,106,20,41,62.05,2.73,8.14,3085,23.7,"Dickinson County, KS",2024.0,9251.0,8899.0,352.0,3.8
"Doniphan County, Kansas",7503,74028,3793,6124,62,6821,658,4975,571,351,114,45,20,43,61.94,1.63,9.65,1081,21.73,"Doniphan County, KS",2024.0,3756.0,3615.0,141.0,3.8
"Douglas County, Kansas",120302,69746,69858,101247,2940,111939,16487,71726,20569,11908,2235,3442,20,45,69.0,4.21,14.73,38154,53.19,"Douglas County, KS",2024.0,71213.0,68912.0,2301.0,3.2
"Edwards County, Kansas",2779,52692,1299,2229,88,2729,515,1966,270,88,16,30,20,47,58.28,6.77,18.87,404,20.55,"Edwards County, KS",2024.0,1418.0,1373.0,45.0,3.2
"Elk County, Kansas",2453,64609,1036,1971,21,2440,253,1741,271,82,13,8,20,49,52.56,2.03,10.37,374,21.48,"Elk County, KS",2024.0,1026.0,983.0,43.0,4.2
"Ellis County, Kansas",28920,63084,17009,23611,552,27466,5039,17374,4266,1568,358,569,20,51,72.04,3.25,18.35,6761,38.91,"Ellis County, KS",2024.0,17066.0,16580.0,486.0,2.8
"Ellsworth County, Kansas",6360,65560,2732,5382,70,5313,551,5000,768,283,76,10,20,53,50.76,2.56,10.37,1137,22.74,"Ellsworth County, KS",2024.0,2740.0,2637.0,103.0,3.8
"Finney County, Kansas",38084,73009,19500,28190,791,37313,4134,22709,2953,1106,185,68,20,55,69.17,4.06,11.08,4312,18.99,"Finney County, KS",2024.0,20892.0,20309.0,583.0,2.8
"Ford County, Kansas",34074,70781,17780,25161,896,33089,4622,20254,2750,1086,287,65,20,57,70.66,5.04,13.97,4188,20.68,"Ford County, KS",2024.0,17989.0,17488.0,501.0,2.8
"Franklin County, Kansas",26106,77207,13784,20854,410,25487,2209,17770,2785,1302,175,104,20,59,66.1,2.97,8.67,4366,24.57,"Franklin County, KS",2024.0,14175.0,13642.0,533.0,3.8
"Geary County, Kansas",35815,59317,18063,25291,902,34751,6260,19738,3555,1385,113,125,20,61,71.42,4.99,18.01,5178,26.23,"Geary County, KS",2024.0,13199.0,12629.0,570.0,4.3
"Gove County, Kansas",2799,66029,1455,2170,38,2765,140,1887,335,100,19,2,20,63,67.05,2.61,5.06,456,24.17,"Gove County, KS",2024.0,1171.0,1132.0,39.0,3.3
"Graham County, Kansas",2389,50650,1196,1956,60,2346,348,1708,302,122,22,14,20,65,61.15,5.02,14.83,460,26.93,"Graham County, KS",2024.0,1189.0,1146.0,43.0,3.6
"Grant County, Kansas",7229,66476,3490,5343,24,7158,666,4498,702,178,250,0,20,67,65.32,0.69,9.3,1130,25.12,"Grant County, KS",2024.0,2969.0,2865.0,104.0,3.5
"Gray County, Kansas",5701,79122,2941,4329,78,5562,474,3580,773,134,10,11,20,69,67.94,2.65,8.52,928,25.92,"Gray County, KS",2024.0,3117.0,3040.0,77.0,2.5
"Greeley County, Kansas",1304,80565,676,948,1,1280,91,839,163,65,13,9,20,71,71.31,0.15,7.11,250,29.8,"Greeley County, KS",2024.0,629.0,611.0,18.0,2.9
"Greenwood County, Kansas",5919,60042,2840,4848,96,5844,812,4316,630,221,62,19,20,73,58.58,3.38,13.89,932,21.59,"Greenwood County, KS",2024.0,2897.0,2792.0,105.0,3.6
"Hamilton County, Kansas",2471,70250,1145,1727,35,2460,173,1400,226,59,2,0,20,75,66.3,3.06,7.03,287,20.5,"Hamilton County, KS",2024.0,1358.0,1321.0,37.0,2.7
"Harper County, Kansas",5400,53488,2334,4210,46,5283,914,3623,621,163,27,15,20,77,55.44,1.97,17.3,826,22.8,"Harper County, KS",2024.0,2575.0,2482.0,93.0,3.6
"Harvey County, Kansas",33756,74368,17483,26744,839,32516,2675,22986,4482,1760,375,299,20,79,65.37,4.8,8.23,6916,30.09,"Harvey County, KS",2024.0,17660.0,16927.0,733.0,4.2
"Haskell County, Kansas",3641,66162,1702,2785,62,3519,394,2310,293,136,21,9,20,81,61.11,3.64,11.2,459,19.87,"Haskell County, KS",2024.0,1731.0,1679.0,52.0,3.0
"Hodgeman County, Kansas",1652,59955,791,1281,5,1628,103,1170,270,73,10,0,20,83,61.75,0.63,6.33,353,30.17,"Hodgeman County, KS",2024.0,938.0,910.0,28.0,3.0
"Jackson County, Kansas",13341,75215,6594,10464,118,13150,800,8964,1299,625,79,27,20,85,63.02,1.79,6.08,2030,22.65,"Jackson County, KS",2024.0,6998.0,6766.0,232.0,3.3
"Jefferson County, Kansas",18349,81278,9680,14949,232,18139,1023,13097,2032,1008,88,95,20,87,64.75,2.4,5.64,3223,24.61,"Jefferson County, KS",2024.0,9942.0,9597.0,345.0,3.5
"Jewell County, Kansas",2916,52634,1410,2345,19,2889,306,2163,304,74,16,0,20,89,60.13,1.35,10.59,394,18.22,"Jewell County, KS",2024.0,1216.0,1167.0,49.0,4.0
"Johnson County, Kansas",620631,109208,353305,492861,11298,614986,33284,425294,147540,70186,16910,10151,20,91,71.68,3.2,5.41,244787,57.56,"Johnson County, KS",2024.0,363083.0,351389.0,11694.0,3.2
"Kearny County, Kansas",3864,89135,1808,2869,40,3795,171,2512,331,154,1,1,20,93,63.02,2.21,4.51,487,19.39,"Kearny County, KS",2024.0,1761.0,1708.0,53.0,3.0
"Kingman County, Kansas",7186,59842,3597,5760,80,7049,728,5031,900,247,65,60,20,95,62.45,2.22,10.33,1272,25.28,"Kingman County, KS",2024.0,4007.0,3899.0,108.0,2.7
"Kiowa County, Kansas",2422,75539,1271,1938,28,2205,129,1623,331,105,17,7,20,97,65.58,2.2,5.85,460,28.34,"Kiowa County, KS",2024.0,1202.0,1165.0,37.0,3.1
"Labette County, Kansas",19869,56325,9092,15583,282,19189,3079,13524,1859,723,71,81,20,99,58.35,3.1,16.05,2734,20.22,"Labette County, KS",2024.0,9522.0,9165.0,357.0,3.7
"Lane County, Kansas",1461,54526,672,1145,3,1453,101,1057,184,66,8,0,20,101,58.69,0.45,6.95,258,24.41,"Lane County, KS",2024.0,660.0,637.0,23.0,3.5
"Leavenworth County, Kansas",83123,89218,39446,65560,1492,78242,6862,56974,11931,7220,957,470,20,103,60.17,3.78,8.77,20578,36.12,"Leavenworth County, KS",2024.0,37836.0,36436.0,1400.0,3.7
"Lincoln County, Kansas",2923,57500,1494,2407,36,2874,326,2096,331,180,25,6,20,105,62.07,2.41,11.34,542,25.86,"Lincoln County, KS",2024.0,1425.0,1366.0,59.0,4.1
"Linn County, Kansas",9767,59069,4516,7851,198,9656,811,6979,1098,409,62,18,20,107,57.52,4.38,8.4,1587,22.74,"Linn County, KS",2024.0,4743.0,4511.0,232.0,4.9
"Logan County, Kansas",2707,75662,1477,2129,27,2681,403,1922,382,75,37,0,20,109,69.38,1.83,15.03,494,25.7,"Logan County, KS",2024.0,1469.0,1430.0,39.0,2.7
"Lyon County, Kansas",32186,59912,17928,25911,355,31194,4564,19609,3006,1709,212,226,20,111,69.19,1.98,14.63,5153,26.28,"Lyon County, KS",2024.0,17736.0,17154.0,582.0,3.3
"McPherson County, Kansas",30205,78851,16163,24360,298,28370,2684,20109,4498,1779,181,433,20,113,66.35,1.84,9.46,6891,34.27,"McPherson County, KS",2024.0,17384.0,16892.0,492.0,2.8
"Marion County, Kansas",11754,64695,5831,9643,200,11002,1007,8005,1653,593,87,100,20,115,60.47,3.43,9.15,2433,30.39,"Marion County, KS",2024.0,5983.0,5763.0,220.0,3.7
"Marshall County, Kansas",9993,68419,4915,7806,100,9747,1105,7110,897,319,109,32,20,117,62.96,2.03,11.34,1357,19.09,"Marshall County, KS",2024.0,5052.0,4894.0,158.0,3.1
"Meade County, Kansas",3903,71852,1826,3000,28,3795,419,2541,450,199,13,12,20,119,60.87,1.53,11.04,674,26.52,"Meade County, KS",2024.0,1954.0,1899.0,55.0,2.8
"Miami County, Kansas",34938,89000,18263,27665,674,34308,2711,23791,4824,2080,315,157,20,121,66.01,3.69,7.9,7376,31.0,"Miami County, KS",2024.0,18865.0,18216.0,649.0,3.4
"Mitchell County, Kansas",5779,64246,2822,4630,4,5648,689,3974,680,283,68,10,20,123,60.95,0.14,12.2,1041,26.2,"Mitchell County, KS",2024.0,2653.0,2555.0,98.0,3.7
"Montgomery County, Kansas",30940,55697,14069,24612,611,30025,4779,20829,2957,1598,126,24,20,125,57.16,4.34,15.92,4705,22.59,"Montgomery County, KS",2024.0,14480.0,13918.0,562.0,3.9
"Morris County, Kansas",5340,58686,2752,4370,68,5247,633,3966,856,255,58,17,20,127,62.97,2.47,12.06,1186,29.9,"Morris County, KS",2024.0,2868.0,2783.0,85.0,3.0
"Morton County, Kansas",2611,66447,1099,2068,18,2545,376,1823,212,58,40,1,20,129,53.14,1.64,14.77,311,17.06,"Morton County, KS",2024.0,1143.0,1103.0,40.0,3.5
"Nemaha County, Kansas",10160,77348,4897,7728,74,9862,917,6684,1409,435,131,25,20,131,63.37,1.51,9.3,2000,29.92,"Nemaha County, KS",2024.0,5512.0,5373.0,139.0,2.5
"Neosho County, Kansas",15656,56618,7691,12362,249,15149,1990,10409,1621,700,46,60,20,133,62.21,3.24,13.14,2427,23.32,"Neosho County, KS",2024.0,7736.0,7458.0,278.0,3.6
"Ness County, Kansas",2653,68616,1489,2288,12,2583,290,1839,375,57,18,10,20,135,65.08,0.81,11.23,460,25.01,"Ness County, KS",2024.0,1471.0,1432.0,39.0,2.7
"Norton County, Kansas",5359,54050,2025,4405,34,4348,313,3951,667,190,25,5,20,137,45.97,1.68,7.2,887,22.45,"Norton County, KS",2024.0,2348.0,2281.0,67.0,2.9
"Osage County, Kansas",15744,74467,7796,12549,150,15517,1507,11032,1631,642,49,57,20,139,62.12,1.92,9.71,2379,21.56,"Osage County, KS",2024.0,8055.0,7759.0,296.0,3.7
"Osborne County, Kansas",3452,63011,1763,2765,29,3354,283,2488,426,129,26,11,20,141,63.76,1.64,8.44,592,23.79,"Osborne County, KS",2024.0,1661.0,1604.0,57.0,3.4
"Ottawa County, Kansas",5819,74018,2932,4575,84,5688,592,4053,855,227,20,22,20,143,64.09,2.86,10.41,1124,27.73,"Ottawa County, KS",2024.0,3037.0,2944.0,93.0,3.1
"Pawnee County, Kansas",6144,63517,2886,5358,35,5373,619,4794,576,212,19,54,20,145,53.86,1.21,11.52,861,17.96,"Pawnee County, KS",2024.0,2830.0,2744.0,86.0,3.0
"Phillips County, Kansas",4813,62123,2332,3906,75,4719,725,3406,504,205,43,14,20,147,59.7,3.22,15.36,766,22.49,"Phillips County, KS",2024.0,2394.0,2324.0,70.0,2.9
"Pottawatomie County, Kansas",26204,92325,12845,19607,273,25860,1723,16710,4053,1580,284,465,20,149,65.51,2.13,6.66,6382,38.19,"Pottawatomie County, KS",2024.0,13636.0,13226.0,410.0,3.0
"Pratt County, Kansas",9127,66022,4338,7354,156,8595,1057,5927,983,407,95,46,20,151,58.99,3.6,12.3,1531,25.83,"Pratt County, KS",2024.0,4529.0,4390.0,139.0,3.1
"Rawlins County, Kansas",2516,67742,1357,2020,18,2474,167,1847,298,42,26,3,20,153,67.18,1.33,6.75,369,19.98,"Rawlins County, KS",2024.0,1397.0,1361.0,36.0,2.6
"Reno County, Kansas",61553,60645,30452,49838,1185,58121,7279,42501,5762,2342,398,168,20,155,61.1,3.89,12.52,8670,20.4,"Reno County, KS",2024.0,29420.0,28341.0,1079.0,3.7
"Republic County, Kansas",4646,56833,2225,3633,40,4505,479,3246,446,210,24,18,20,157,61.24,1.8,10.63,698,21.5,"Republic County, KS",2024.0,2367.0,2300.0,67.0,2.8
"Rice County, Kansas",9350,63925,4726,7469,207,8745,677,6071,1016,430,62,62,20,159,63.27,4.38,7.74,1570,25.86,"Rice County, KS",2024.0,4745.0,4588.0,157.0,3.3
"Riley County, Kansas",71946,61098,43977,61521,1411,61592,12237,36911,9862,4958,895,2337,20,161,71.48,3.21,19.87,18052,48.91,"Riley County, KS",2024.0,37217.0,36061.0,1156.0,3.1
"Rooks County, Kansas",4813,62500,2403,3939,48,4577,253,3541,631,162,15,14,20,163,61.01,2.0,5.53,822,23.21,"Rooks County, KS",2024.0,2400.0,2319.0,81.0,3.4
"Rush County, Kansas",2947,59970,1528,2406,55,2873,320,2136,316,118,8,11,20,165,63.51,3.6,11.14,453,21.21,"Rush County, KS",2024.0,1615.0,1557.0,58.0,3.6
"Russell County, Kansas",6679,62392,3686,5401,68,6499,955,4761,612,268,50,9,20,167,68.25,1.84,14.69,939,19.72,"Russell County, KS",2024.0,3138.0,3013.0,125.0,4.0
"Saline County, Kansas",53668,65422,28704,42854,1380,52243,6198,36662,7129,2343,699,515,20,169,66.98,4.81,11.86,10686,29.15,"Saline County, KS",2024.0,28835.0,27876.0,959.0,3.3
"Scott County, Kansas",5027,68839,2711,4049,74,4874,315,3249,582,204,97,50,20,171,66.95,2.73,6.46,933,28.72,"Scott County, KS",2024.0,2365.0,2294.0,71.0,3.0
"Sedgwick County, Kansas",528226,69365,270485,411884,13348,519191,72311,346783,70504,31597,5514,3582,20,173,65.67,4.93,13.93,111197,32.07,"Sedgwick County, KS",2024.0,273672.0,263010.0,10662.0,3.9
"Seward County, Kansas",21486,63827,10567,15459,522,21131,2581,12602,1018,334,50,31,20,175,68.36,4.94,12.21,1433,11.37,"Seward County, KS",2024.0,10939.0,10610.0,329.0,3.0
"Shawnee County, Kansas",178025,67104,87594,142086,3621,173564,22093,121584,24133,10876,2446,1737,20,177,61.65,4.13,12.73,39192,32.23,"Shawnee County, KS",2024.0,90290.0,86933.0,3357.0,3.7
"Sheridan County, Kansas",2426,73750,1295,1894,9,2397,214,1645,263,111,12,13,20,179,68.37,0.69,8.93,399,24.26,"Sheridan County, KS",2024.0,1474.0,1439.0,35.0,2.4
"Sherman County, Kansas",5858,61750,3166,4674,19,5513,562,3764,686,151,27,42,20,181,67.74,0.6,10.19,906,24.07,"Sherman County, KS",2024.0,3018.0,2920.0,98.0,3.2
"Smith County, Kansas",3552,59135,1775,2914,11,3495,254,2620,491,122,40,17,20,183,60.91,0.62,7.27,670,25.57,"Smith County, KS",2024.0,1786.0,1733.0,53.0,3.0
"Stafford County, Kansas",3978,64226,2010,3120,50,3869,406,2749,600,124,20,2,20,185,64.42,2.49,10.49,746,27.14,"Stafford County, KS",2024.0,2013.0,1955.0,58.0,2.9
"Stanton County, Kansas",2038,71700,1028,1653,18,2008,30,1377,231,101,1,0,20,187,62.19,1.75,1.49,333,24.18,"Stanton County, KS",2024.0,962.0,933.0,29.0,3.0
"Stevens County, Kansas",5162,64178,2380,3842,74,5060,721,3306,477,135,51,7,20,189,61.95,3.11,14.25,670,20.27,"Stevens County, KS",2024.0,2645.0,2544.0,101.0,3.8
"Sumner County, Kansas",22353,63951,10534,17659,623,21821,2321,15176,2743,940,130,120,20,191,59.65,5.91,10.64,3933,25.92,"Sumner County, KS",2024.0,10648.0,10234.0,414.0,3.9
"Thomas County, Kansas",7885,71325,4417,6184,25,7472,485,4917,1273,252,101,76,20,193,71.43,0.57,6.49,1702,34.61,"Thomas County, KS",2024.0,4404.0,4293.0,111.0,2.5
"Trego County, Kansas",2777,81528,1507,2282,15,2717,150,2123,448,105,54,33,20,195,66.04,1.0,5.52,640,30.15,"Trego County, KS",2024.0,1433.0,1383.0,50.0,3.5
"Wabaunsee County, Kansas",7009,76908,3492,5605,152,6833,580,4849,801,319,67,23,20,197,62.3,4.35,8.49,1210,24.95,"Wabaunsee County, KS",2024.0,3628.0,3493.0,135.0,3.7
"Wallace County, Kansas",1417,63207,676,1109,9,1392,171,986,196,36,6,4,20,199,60.96,1.33,12.28,242,24.54,"Wallace County, KS",2024.0,707.0,683.0,24.0,3.4
"Washington County, Kansas",5533,65482,2753,4335,30,5442,505,3828,693,165,56,73,20,201,63.51,1.09,9.28,987,25.78,"Washington County, KS",2024.0,2611.0,2529.0,82.0,3.1
"Wichita County, Kansas",2091,79063,898,1491,7,2063,341,1396,205,66,6,3,20,203,60.23,0.78,16.53,280,20.06,"Wichita County, KS",2024.0,1135.0,1103.0,32.0,2.8
"Wilson County, Kansas",8505,60677,4027,6640,119,8370,1296,5921,905,220,37,15,20,205,60.65,2.96,15.48,1177,19.88,"Wilson County, KS",2024.0,3736.0,3584.0,152.0,4.1
"Woodson County, Kansas",3109,50326,1374,2534,22,3067,379,2290,400,128,0,0,20,207,54.22,1.6,12.36,528,23.06,"Woodson County, KS",2024.0,1315.0,1250.0,65.0,4.9
"Wyandotte County, Kansas",167654,63631,84364,126798,4831,165682,26117,106315,14103,6654,1059,720,20,209,66.53,5.73,15.76,22536,21.2,"Wyandotte County, KS",2024.0,83776.0,80289.0,3487.0,4.2
