county_name,population,median_household_income,civilian_labor_force,population_16_plus,unemployed,poverty_universe,below_poverty,population_25_plus,bachelors_degree,masters_degree,professional_degree,doctorate_degree,state_fips,county_fips,labor_force_participation_rate,unemployment_rate,poverty_rate,bachelors_or_higher,bachelors_or_higher_rate
"Allen County, Kansas",12483,60689,6269,9991,496,12018,1192,8477,1231,585,57,29,20,001,62.75,7.91,9.92,1902,22.44
"Anderson County, Kansas",7834,70614,3710,5983,152,7724,853,5214,426,247,46,9,20,003,62.01,4.1,11.04,728,13.96
"Atchison County, Kansas",16208,61112,8170,13043,375,14574,1891,9846,1322,666,59,102,20,005,62.64,4.59,12.98,2149,21.83
"Barber County, Kansas",4069,61926,2248,3237,28,3966,467,2774,597,110,39,10,20,007,69.45,1.25,11.78,756,27.25
"Barton County, Kansas",25097,58851,12424,19743,483,24591,3787,17024,2660,772,198,60,20,009,62.93,3.89,15.4,3690,21.68
"Bourbon County, Kansas",14394,59238,6916,11207,365,14037,1915,9348,1559,538,39,94,20,011,61.71,5.28,13.64,2230,23.86
"Brown County, Kansas",9343,62233,4578,7261,237,9104,1253,6456,881,315,34,37,20,013,63.05,5.18,13.76,1267,19.63
"Butler County, Kansas",68287,81610,33990,53559,1140,65129,5567,45517,9637,4101,488,508,20,015,63.46,3.35,8.55,14734,32.37
"Chase County, Kansas",2561,56484,1174,2101,11,2418,202,1895,435,123,2,13,20,017,55.88,0.94,8.35,573,30.24
"Chautauqua County, Kansas",3370,56438,1493,2751,54,3312,494,2414,341,75,13,19,20,019,54.27,3.62,14.92,448,18.56
"Cherokee County, Kansas",19151,57668,9245,15205,301,18905,2668,13325,1788,662,113,25,20,021,60.8,3.26,14.11,2588,19.42
"Cheyenne County, Kansas",2628,55429,1307,2087,32,2592,441,1917,325,73,16,8,20,023,62.63,2.45,17.01,422,22.01
"Clark County, Kansas",1974,63043,969,1548,27,1904,188,1351,321,79,15,5,20,025,62.6,2.79,9.87,420,31.09
"Clay County, Kansas",8048,66176,3781,6436,38,7840,1047,5691,1022,336,69,25,20,027,58.75,1.01,13.35,1452,25.51
"Cloud County, Kansas",8898,58770,4459,7042,111,8411,837,5945,805,366,18,49,20,029,63.32,2.49,9.95,1238,20.82
"Coffey County, Kansas",8308,70346,4007,6775,255,8175,878,5960,863,263,27,20,20,031,59.14,6.36,10.74,1173,19.68
"Comanche County, Kansas",1729,54545,888,1421,15,1669,154,1280,200,37,11,9,20,033,62.49,1.69,9.23,257,20.08
"Cowley County, Kansas",34411,57878,15815,27356,608,32118,4579,22708,3672,1536,124,237,20,035,57.81,3.84,14.26,5569,24.52
"Crawford County, Kansas",39008,52844,20441,31387,831,37333,7695,23380,4829,2147,196,347,20,037,65.13,4.07,20.61,7519,32.16
"Decatur County, Kansas",2726,53870,1338,2185,55,2662,339,2129,433,96,28,17,20,039,61.24,4.11,12.73,574,26.96
"Dickinson County, Kansas",18445,68417,9106,14675,249,18112,1474,13015,2090,757,132,106,20,041,62.05,2.73,8.14,3085,23.7
"Doniphan County, Kansas",7503,74028,3793,6124,62,6821,658,4975,571,351,114,45,20,043,61.94,1.63,9.65,1081,21.73
"Douglas County, Kansas",120302,69746,69858,101247,2940,111939,16487,71726,20569,11908,2235,3442,20,045,69.0,4.21,14.73,38154,53.19
"Edwards County, Kansas",2779,52692,1299,2229,88,2729,515,1966,270,88,16,30,20,047,58.28,6.77,18.87,404,20.55
"Elk County, Kansas",2453,64609,1036,1971,21,2440,253,1741,271,82,13,8,20,049,52.56,2.03,10.37,374,21.48
"Ellis County, Kansas",28920,63084,17009,23611,552,27466,5039,17374,4266,1568,358,569,20,051,72.04,3.25,18.35,6761,38.91
"Ellsworth County, Kansas",6360,65560,2732,5382,70,5313,551,5000,768,283,76,10,20,053,50.76,2.56,10.37,1137,22.74
"Finney County, Kansas",38084,73009,19500,28190,791,37313,4134,22709,2953,1106,185,68,20,055,69.17,4.06,11.08,4312,18.99
"Ford County, Kansas",34074,70781,17780,25161,896,33089,4622,20254,2750,1086,287,65,20,057,70.66,5.04,13.97,4188,20.68
"Franklin County, Kansas",26106,77207,13784,20854,410,25487,2209,17770,2785,1302,175,104,20,059,66.1,2.97,8.67,4366,24.57
"Geary County, Kansas",35815,59317,18063,25291,902,34751,6260,19738,3555,1385,113,125,20,061,71.42,4.99,18.01,5178,26.23
"Gove County, Kansas",2799,66029,1455,2170,38,2765,140,1887,335,100,19,2,20,063,67.05,2.61,5.06,456,24.17
"Graham County, Kansas",2389,50650,1196,1956,60,2346,348,1708,302,122,22,14,20,065,61.15,5.02,14.83,460,26.93
"Grant County, Kansas",7229,66476,3490,5343,24,7158,666,4498,702,178,250,0,20,067,65.32,0.69,9.3,1130,25.12
"Gray County, Kansas",5701,79122,2941,4329,78,5562,474,3580,773,134,10,11,20,069,67.94,2.65,8.52,928,25.92
"Greeley County, Kansas",1304,80565,676,948,1,1280,91,839,163,65,13,9,20,071,71.31,0.15,7.11,250,29.8
"Greenwood County, Kansas",5919,60042,2840,4848,96,5844,812,4316,630,221,62,19,20,073,58.58,3.38,13.89,932,21.59
"Hamilton County, Kansas",2471,70250,1145,1727,35,2460,173,1400,226,59,2,0,20,075,66.3,3.06,7.03,287,20.5
"Harper County, Kansas",5400,53488,2334,4210,46,5283,914,3623,621,163,27,15,20,077,55.44,1.97,17.3,826,22.8
"Harvey County, Kansas",33756,74368,17483,26744,839,32516,2675,22986,4482,1760,375,299,20,079,65.37,4.8,8.23,6916,30.09
"Haskell County, Kansas",3641,66162,1702,2785,62,3519,394,2310,293,136,21,9,20,081,61.11,3.64,11.2,459,19.87
"Hodgeman County, Kansas",1652,59955,791,1281,5,1628,103,1170,270,73,10,0,20,083,61.75,0.63,6.33,353,30.17
"Jackson County, Kansas",13341,75215,6594,10464,118,13150,800,8964,1299,625,79,27,20,085,63.02,1.79,6.08,2030,22.65
"Jefferson County, Kansas",18349,81278,9680,14949,232,18139,1023,13097,2032,1008,88,95,20,087,64.75,2.4,5.64,3223,24.61
"Jewell County, Kansas",2916,52634,1410,2345,19,2889,306,2163,304,74,16,0,20,089,60.13,1.35,10.59,394,18.22
"Johnson County, Kansas",620631,109208,353305,492861,11298,614986,33284,425294,147540,70186,16910,10151,20,091,71.68,3.2,5.41,244787,57.56
"Kearny County, Kansas",3864,89135,1808,2869,40,3795,171,2512,331,154,1,1,20,093,63.02,2.21,4.51,487,19.39
"Kingman County, Kansas",7186,59842,3597,5760,80,7049,728,5031,900,247,65,60,20,095,62.45,2.22,10.33,1272,25.28
"Kiowa County, Kansas",2422,75539,1271,1938,28,2205,129,1623,331,105,17,7,20,097,65.58,2.2,5.85,460,28.34
"Labette County, Kansas",19869,56325,9092,15583,282,19189,3079,13524,1859,723,71,81,20,099,58.35,3.1,16.05,2734,20.22
"Lane County, Kansas",1461,54526,672,1145,3,1453,101,1057,184,66,8,0,20,101,58.69,0.45,6.95,258,24.41
"Leavenworth County, Kansas",83123,89218,39446,65560,1492,78242,6862,56974,11931,7220,957,470,20,103,60.17,3.78,8.77,20578,36.12
"Lincoln County, Kansas",2923,57500,1494,2407,36,2874,326,2096,331,180,25,6,20,105,62.07,2.41,11.34,542,25.86
"Linn County, Kansas",9767,59069,4516,7851,198,9656,811,6979,1098,409,62,18,20,107,57.52,4.38,8.4,1587,22.74
"Logan County, Kansas",2707,75662,1477,2129,27,2681,403,1922,382,75,37,0,20,109,69.38,1.83,15.03,494,25.7
"Lyon County, Kansas",32186,59912,17928,25911,355,31194,4564,19609,3006,1709,212,226,20,111,69.19,1.98,14.63,5153,26.28
"McPherson County, Kansas",30205,78851,16163,24360,298,28370,2684,20109,4498,1779,181,433,20,113,66.35,1.84,9.46,6891,34.27
"Marion County, Kansas",11754,64695,5831,9643,200,11002,1007,8005,1653,593,87,100,20,115,60.47,3.43,9.15,2433,30.39
"Marshall County, Kansas",9993,68419,4915,7806,100,9747,1105,7110,897,319,109,32,20,117,62.96,2.03,11.34,1357,19.09
"Meade County, Kansas",3903,71852,1826,3000,28,3795,419,2541,450,199,13,12,20,119,60.87,1.53,11.04,674,26.52
"Miami County, Kansas",34938,89000,18263,27665,674,34308,2711,23791,4824,2080,315,157,20,121,66.01,3.69,7.9,7376,31.0
"Mitchell County, Kansas",5779,64246,2822,4630,4,5648,689,3974,680,283,68,10,20,123,60.95,0.14,12.2,1041,26.2
"Montgomery County, Kansas",30940,55697,14069,24612,611,30025,4779,20829,2957,1598,126,24,20,125,57.16,4.34,15.92,4705,22.59
"Morris County, Kansas",5340,58686,2752,4370,68,5247,633,3966,856,255,58,17,20,127,62.97,2.47,12.06,1186,29.9
"Morton County, Kansas",2611,66447,1099,2068,18,2545,376,1823,212,58,40,1,20,129,53.14,1.64,14.77,311,17.06
"Nemaha County, Kansas",10160,77348,4897,7728,74,9862,917,6684,1409,435,131,25,20,131,63.37,1.51,9.3,2000,29.92
"Neosho County, Kansas",15656,56618,7691,12362,249,15149,1990,10409,1621,700,46,60,20,133,62.21,3.24,13.14,2427,23.32
"Ness County, Kansas",2653,68616,1489,2288,12,2583,290,1839,375,57,18,10,20,135,65.08,0.81,11.23,460,25.01
"Norton County, Kansas",5359,54050,2025,4405,34,4348,313,3951,667,190,25,5,20,137,45.97,1.68,7.2,887,22.45
"Osage County, Kansas",15744,74467,7796,12549,150,15517,1507,11032,1631,642,49,57,20,139,62.12,1.92,9.71,2379,21.56
"Osborne County, Kansas",3452,63011,1763,2765,29,3354,283,2488,426,129,26,11,20,141,63.76,1.64,8.44,592,23.79
"Ottawa County, Kansas",5819,74018,2932,4575,84,5688,592,4053,855,227,20,22,20,143,64.09,2.86,10.41,1124,27.73
"Pawnee County, Kansas",6144,63517,2886,5358,35,5373,619,4794,576,212,19,54,20,145,53.86,1.21,11.52,861,17.96
"Phillips County, Kansas",4813,62123,2332,3906,75,4719,725,3406,504,205,43,14,20,147,59.7,3.22,15.36,766,22.49
"Pottawatomie County, Kansas",26204,92325,12845,19607,273,25860,1723,16710,4053,1580,284,465,20,149,65.51,2.13,6.66,6382,38.19
"Pratt County, Kansas",9127,66022,4338,7354,156,8595,1057,5927,983,407,95,46,20,151,58.99,3.6,12.3,1531,25.83
"Rawlins County, Kansas",2516,67742,1357,2020,18,2474,167,1847,298,42,26,3,20,153,67.18,1.33,6.75,369,19.98
"Reno County, Kansas",61553,60645,30452,49838,1185,58121,7279,42501,5762,2342,398,168,20,155,61.1,3.89,12.52,8670,20.4
"Republic County, Kansas",4646,56833,2225,3633,40,4505,479,3246,446,210,24,18,20,157,61.24,1.8,10.63,698,21.5
"Rice County, Kansas",9350,63925,4726,7469,207,8745,677,6071,1016,430,62,62,20,159,63.27,4.38,7.74,1570,25.86
"Riley County, Kansas",71946,61098,43977,61521,1411,61592,12237,36911,9862,4958,895,2337,20,161,71.48,3.21,19.87,18052,48.91
"Rooks County, Kansas",4813,62500,2403,3939,48,4577,253,3541,631,162,15,14,20,163,61.01,2.0,5.53,822,23.21
"Rush County, Kansas",2947,59970,1528,2406,55,2873,320,2136,316,118,8,11,20,165,63.51,3.6,11.14,453,21.21
"Russell County, Kansas",6679,62392,3686,5401,68,6499,955,4761,612,268,50,9,20,167,68.25,1.84,14.69,939,19.72
"Saline County, Kansas",53668,65422,28704,42854,1380,52243,6198,36662,7129,2343,699,515,20,169,66.98,4.81,11.86,10686,29.15
"Scott County, Kansas",5027,68839,2711,4049,74,4874,315,3249,582,204,97,50,20,171,66.95,2.73,6.46,933,28.72
"Sedgwick County, Kansas",528226,69365,270485,411884,13348,519191,72311,346783,70504,31597,5514,3582,20,173,65.67,4.93,13.93,111197,32.07
"Seward County, Kansas",21486,63827,10567,15459,522,21131,2581,12602,1018,334,50,31,20,175,68.36,4.94,12.21,1433,11.37
"Shawnee County, Kansas",178025,67104,87594,142086,3621,173564,22093,121584,24133,10876,2446,1737,20,177,61.65,4.13,12.73,39192,32.23
"Sheridan County, Kansas",2426,73750,1295,1894,9,2397,214,1645,263,111,12,13,20,179,68.37,0.69,8.93,399,24.26
"Sherman County, Kansas",5858,61750,3166,4674,19,5513,562,3764,686,151,27,42,20,181,67.74,0.6,10.19,906,24.07
"Smith County, Kansas",3552,59135,1775,2914,11,3495,254,2620,491,122,40,17,20,183,60.91,0.62,7.27,670,25.57
"Stafford County, Kansas",3978,64226,2010,3120,50,3869,406,2749,600,124,20,2,20,185,64.42,2.49,10.49,746,27.14
"Stanton County, Kansas",2038,71700,1028,1653,18,2008,30,1377,231,101,1,0,20,187,62.19,1.75,1.49,333,24.18
"Stevens County, Kansas",5162,64178,2380,3842,74,5060,721,3306,477,135,51,7,20,189,61.95,3.11,14.25,670,20.27
"Sumner County, Kansas",22353,63951,10534,17659,623,21821,2321,15176,2743,940,130,120,20,191,59.65,5.91,10.64,3933,25.92
"Thomas County, Kansas",7885,71325,4417,6184,25,7472,485,4917,1273,252,101,76,20,193,71.43,0.57,6.49,1702,34.61
"Trego County, Kansas",2777,81528,1507,2282,15,2717,150,2123,448,105,54,33,20,195,66.04,1.0,5.52,640,30.15
"Wabaunsee County, Kansas",7009,76908,3492,5605,152,6833,580,4849,801,319,67,23,20,197,62.3,4.35,8.49,1210,24.95
"Wallace County, Kansas",1417,63207,676,1109,9,1392,171,986,196,36,6,4,20,199,60.96,1.33,12.28,242,24.54
"Washington County, Kansas",5533,65482,2753,4335,30,5442,505,3828,693,165,56,73,20,201,63.51,1.09,9.28,987,25.78
"Wichita County, Kansas",2091,79063,898,1491,7,2063,341,1396,205,66,6,3,20,203,60.23,0.78,16.53,280,20.06
"Wilson County, Kansas",8505,60677,4027,6640,119,8370,1296,5921,905,220,37,15,20,205,60.65,2.96,15.48,1177,19.88
"Woodson County, Kansas",3109,50326,1374,2534,22,3067,379,2290,400,128,0,0,20,207,54.22,1.6,12.36,528,23.06
"Wyandotte County, Kansas",167654,63631,84364,126798,4831,165682,26117,106315,14103,6654,1059,720,20,209,66.53,5.73,15.76,22536,21.2
